{
  "menu": [
    {
      "url": "home",
      "name": "Home",
      "icon": "home",
      "slug": "home"
    },
    {
      "name": "Page Layouts",
      "icon": "layout",
      "dropdown": "1",
      "slug": "",
      "submenu": [
        {
          "url": "layouts/boxed",
          "name": "Layout Boxed",
          "slug": "layout-boxed"
        },
        {
          "url": "layouts/without-menu",
          "name": "Without Menu",
          "slug": "without-menu"
        },
        {
          "url": "layouts/empty",
          "name": "Layout Empty",
          "slug": "layout-empty"
        },
        {
          "url": "layouts/blank",
          "name": "Layout Blank",
          "slug": "layout-blank"
        }
      ]
    }
  ]
}
